id,name,host_id,host_name,neighbourhood_group,neighbourhood,latitude,longitude,room_type,price,minimum_nights,number_of_reviews,last_review,reviews_per_month,calculated_host_listings_count,availability_365,number_of_reviews_ltm,license
1489424,"Welcoming, easygoing, comfy bed, entire level",5294164,Efrat,,FOURTEENTH WARD,42.66719,-73.8158,Private room,50,1,248,2/27/2024,1.94,1,233,50,
2992450,Luxury 2 bedroom apartment,4621559,Kenneth,,THIRD WARD,42.65789,-73.7537,Entire home/apt,70,28,9,8/17/2022,0.08,1,21,0,
3820211,Restored Precinct in Center Sq. w/Parking,19648678,Terra,,SIXTH WARD,42.65222,-73.76724,Entire home/apt,125,2,292,2/18/2024,2.51,4,360,8,
5651579,Large studio apt  by Capital Center & ESP@,29288920,Gregg,,SECOND WARD,42.64615,-73.75966,Entire home/apt,105,7,337,3/7/2024,3.13,2,79,31,
6623339,Center Sq. Loft in Converted Precinct w/ Parking,19648678,Terra,,SIXTH WARD,42.65222,-73.76724,Entire home/apt,126,2,306,12/26/2023,2.87,4,0,5,
7563949,Rest or work in peace | Garden | Wifi | Kitchen,39656001,Urbangem,,SECOND WARD,42.64484,-73.75851,Private room,190,1,37,2/19/2023,0.4,6,365,0,
8035768,Entire Beautiful French Victorian 1884,42430824,John M,,TENTH WARD,42.66088,-73.78147,Entire home/apt,,2,56,1/28/2024,0.54,2,365,4,
8035784,Delightful French Victorian,42430824,John M,,TENTH WARD,42.66063,-73.78115,Private room,199,3,18,7/25/2020,0.18,2,179,0,
8915877,"Charming 1BR State Capitol, downtwn",46312980,Robert,,SECOND WARD,42.64603,-73.75986,Entire home/apt,85,3,227,2/23/2024,2.22,1,311,3,
9005989,"Studio in The heart of Center SQ, in Albany NY",17766924,Sugey,,SIXTH WARD,42.65559,-73.76506,Entire home/apt,87,1,580,2/25/2024,6.27,1,0,39,
9501054,Spacious suite with full bath by Capital  Center,29288920,Gregg,,SECOND WARD,42.64734,-73.75851,Private room,61,2,370,3/7/2024,3.75,2,138,39,
10768745,Alb hospital area studio bath wifi. (Red),5691268,Elizabeth,,FOURTEENTH WARD,42.66078,-73.80553,Entire home/apt,50,1,631,2/29/2024,6.4,2,112,98,
11253948,/Fire Place Bungalow\ 1917 SUNY Eagle 6Beds 2Baths,4259750,Peter,,FIFTEENTH WARD,42.67567,-73.82438,Entire home/apt,243,1,145,2/25/2024,1.53,9,0,23,
11639446,$55twin($30 foreign student)FreeBF Noa/c no smoke,61700428,Adam,,ELEVENTH WARD,42.67583,-73.78297,Private room,55,1,231,2/29/2024,2.44,2,363,16,
12284708,"Well Lit Modern Room, Perfect Location Albany",36438637,Chad,,TENTH WARD,42.65912,-73.78349,Private room,45,10,61,10/26/2019,0.64,4,282,0,
12799126,Private Room in the Hearth of the Albany,69729286,Musab,,SIXTH WARD,42.65154,-73.76867,Private room,50,5,28,2/6/2024,0.65,2,364,7,
13083497,Pristine Cape Cod on the Creek! 4 Large Bedrooms,1364123,Akhilesh,,FIFTEENTH WARD,42.66972,-73.82753,Entire home/apt,219,2,174,1/6/2024,1.86,1,299,14,
14316232,"Unique Modern Room, Perfect Location Albany",36438637,Chad,,TENTH WARD,42.65726,-73.78219,Private room,45,10,48,1/7/2024,0.52,4,313,3,
14989805,/Miller Colonial\ 1946 SUNY Eagle Hill 5Bed 2Baths,4259750,Peter,,FIFTEENTH WARD,42.673512,-73.819679,Entire home/apt,333,1,85,1/28/2024,0.95,9,355,22,
15580397,Albany Med/Dwtn Albany/Colleges/BLUE RM/ Share,89705052,Share,,NINTH WARD,42.65651,-73.77887,Private room,56,2,40,3/8/2024,0.48,4,112,8,
16531782,On a little park in Albany pine hills. (Blue),5691268,Elizabeth,,FOURTEENTH WARD,42.66075,-73.80605,Entire home/apt,70,1,353,2/29/2024,7.65,2,295,115,
17238066,"$53($25 foreign student)Twin, noa/cno
Smoke freeBF",61700428,Adam,,FIFTH WARD,42.67614,-73.78169,Private room,53,3,130,9/11/2023,1.55,2,365,2,
17514620,Cozy Modern Room Perfect Location Albany,36438637,Chad,,TENTH WARD,42.6584,-73.78309,Private room,45,10,53,1/30/2024,0.62,4,342,6,
17552120,Comfy space in lovely home (Master/Lilac Bedroom),20738797,Aaron,,FOURTEENTH WARD,42.65729,-73.80321,Private room,62,1,33,3/1/2024,0.4,1,26,2,
18341426,/Sauna Ranch 1961\ SUNY Eagle Hill 4Beds 1Bath,4259750,Peter,,FIFTEENTH WARD,42.67637,-73.82395,Entire home/apt,306,1,57,6/26/2022,0.78,9,365,0,
19527043,Charming 1 Bedroom in a Historic Residential Home,15223767,Ed,,NINTH WARD,42.65312,-73.78161,Private room,70,1,71,10/22/2023,1.08,3,242,19,
19571496,Modern Studio Perfect Location Albany,36438637,Chad,,TENTH WARD,42.6585,-73.78414,Private room,50,14,27,2/17/2024,0.39,4,365,3,
19663012,Garden Facing Room | Wifi | Shared Kitchen,39656001,Urbangem,,SECOND WARD,42.6436,-73.75887,Private room,169,1,17,8/28/2021,0.21,6,179,0,
20138691,Sparkling Clean Room In A Lovely Home In Albany,67171774,Michael And Flerida,,FOURTEENTH WARD,42.65846,-73.80201,Private room,60,4,19,7/3/2020,0.26,6,313,0,
20212108,A Peaceful suite 10ppl w/Yard Near Mansion and MVP,39656001,Urbangem,,SECOND WARD,42.64355,-73.75712,Private room,249,2,5,1/28/2023,0.09,6,179,0,
20518708,KingBedMemory Foam W/TV Desk&AC LovelyHomeInAlbany,67171774,Michael And Flerida,,FOURTEENTH WARD,42.65846,-73.80201,Private room,80,4,12,3/4/2020,0.2,6,313,0,
20519453,PeaceAndTranquility QueenBedTvAcDesk BigCloset,67171774,Michael And Flerida,,FOURTEENTH WARD,42.65846,-73.80201,Private room,80,4,16,4/24/2020,0.22,6,313,0,
20519722,QueenBedW/TVDeskAC SuperCleanAndQuietIn Albany,67171774,Michael And Flerida,,FOURTEENTH WARD,42.65846,-73.80201,Private room,80,4,8,8/12/2020,0.12,6,313,0,
20519807,AllThe ComfortsOfHome TVDeskAC inThisLovelyHome,67171774,Michael And Flerida,,FOURTEENTH WARD,42.65846,-73.80201,Private room,60,4,32,7/8/2020,0.44,6,70,0,
20519885,30%OffMonthlyStays FamilyOrBusiness InCity,67171774,Michael And Flerida,,FOURTEENTH WARD,42.65846,-73.80201,Entire home/apt,,4,92,2/20/2024,1.19,6,311,20,
20620135,/Red Warhol Ranch\ 1959 SUNY Eagle Hill 4beds1Bath,4259750,Peter,,FIFTEENTH WARD,42.675,-73.82382,Entire home/apt,196,1,55,12/31/2022,0.71,9,254,0,
20633175,"Garden Apartment, on the Park, close to Capital.",65414985,James,,SEVENTH WARD,42.64939,-73.76865,Entire home/apt,126,2,130,5/28/2023,1.79,2,298,1,
20671966,The Metropolitan,98744672,Bela,,NINTH WARD,42.65532,-73.78244,Entire home/apt,85,2,39,6/1/2023,0.49,8,212,1,
21052414,Cozy bedroom with (2) walk-in closets,135717458,Chad,,THIRTEENTH WARD,42.66565,-73.77975,Private room,40,10,40,12/8/2023,0.58,3,338,5,
21392315,The Blair Suite,98744672,Bela,,NINTH WARD,42.65372,-73.78244,Entire home/apt,70,2,111,2/19/2024,1.45,8,275,14,
21449583,/zBig Blue Ranch\ 1962 SUNY Eagle Hill 4Beds 2Bath,4259750,Peter,,FIFTEENTH WARD,42.67547,-73.82402,Entire home/apt,570,4,8,7/27/2018,0.11,9,365,0,
21752534,"NEW LISTING! Modern, completely updated, LOCATION!",152762198,Allen,,TENTH WARD,42.66045,-73.77833,Entire home/apt,69,2,156,2/19/2024,2.04,9,354,12,
21769213,Cozy downstairs bedroom in quiet neighborhood!,135717458,Chad,,ELEVENTH WARD,42.66572,-73.77834,Private room,35,10,24,3/1/2024,0.32,3,244,6,
21769439,Cozy upstairs room with (1) walk-in closet,135717458,Chad,,ELEVENTH WARD,42.66703,-73.77842,Private room,35,10,22,2/11/2024,0.29,3,251,4,
22398196,Elegant Guest Suite in our beautiful Victorian!,98744672,Bela,,NINTH WARD,42.65501,-73.78122,Private room,55,2,105,1/11/2024,1.4,8,303,18,
22431640,"Bright Central Apartment Near Hospital, Park and",108848737,Jake,,SEVENTH WARD,42.64717,-73.77135,Entire home/apt,80,1,434,2/28/2024,6.07,2,64,28,
24120690,One Bedroom apartment with private entrance,156446839,Domini,,FOURTEENTH WARD,42.65975,-73.81196,Private room,75,2,120,2/2/2024,1.67,1,0,23,
24606880,The Western Suite,98744672,Bela,,NINTH WARD,42.65431,-73.78178,Private room,55,2,40,3/8/2024,0.61,8,316,4,
24655782,‚≠ê‚≠êCheck it out! This apartmnt has a bunch of great,108848737,Jake,,SEVENTH WARD,42.6477,-73.7714,Entire home/apt,77,1,355,1/1/2024,4.98,2,0,39,
25549565,Quiet and Pretty in the Heart of Center Square,9666970,Janet,,SIXTH WARD,42.65345,-73.7645,Entire home/apt,70,1,777,2/22/2024,11.08,1,0,131,
25976514,City Feel - Green Room,31757246,Leiba,,SIXTH WARD,42.65333,-73.77293,Private room,100,3,12,7/27/2023,0.17,1,359,1,
26139592,Garden Apartment in Ctr. Square: Monthly Discounts,6833937,Farah,,SIXTH WARD,42.65403,-73.76325,Entire home/apt,89,2,107,2/1/2024,1.57,1,0,10,
27670660,The Rock & Roll Suite,98744672,Bela,,NINTH WARD,42.65430832,-73.78177643,Private room,55,2,21,9/10/2023,0.34,8,354,16,
27692601,Albany Cozy home with fireplaces and Sunroom,202580880,Rosanne,,EIGHTH WARD,42.64514,-73.80668,Entire home/apt,,3,14,10/8/2022,0.21,1,179,0,
28341274,Private room in historic building on the park,54394342,Alice,,SIXTH WARD,42.65821,-73.76917,Private room,75,1,62,2/28/2024,0.93,1,301,20,
28400263,Private Room in Historic Residential Home,15223767,Ed,,NINTH WARD,42.65464,-73.78348,Private room,50,1,244,2/8/2024,3.77,3,234,30,
28519423,Alb Med/Dwtn Alb/Colleges/RED RM.  Share,89705052,Share,,TENTH WARD,42.65746,-73.77904,Private room,56,2,60,2/10/2024,0.91,4,112,16,
28722270,‚úçHistoric Loft Suite @ Downtown Albany,44434571,Earl,,SECOND WARD,42.64535,-73.75365,Entire home/apt,91,1,616,3/6/2024,9.56,6,0,41,
28868857,‚≠êCozy Garden Suite Full Amenities @Downtown Albany,44434571,Earl,,SECOND WARD,42.64535,-73.75365,Entire home/apt,62,1,541,3/4/2024,8.48,6,299,76,
28929840,"Capital Connection:
Upscale spacious private suite",194113768,Rachel,,FOURTH WARD,42.6737,-73.75313,Private room,95,1,6,5/27/2023,0.09,1,178,1,
29605579,Funky Urban 1 Bedroom Apt w/ Parking in Center Sq,19648678,Terra,,SIXTH WARD,42.65235,-73.76714,Entire home/apt,119,2,88,9/4/2023,1.35,4,346,8,
30189794,Seashore Suite At The Inn on South Lake,98744672,Bela,,NINTH WARD,42.6533,-73.78114,Private room,55,2,63,12/30/2023,1.01,8,0,11,
31210362,Nest in Hazel,160340958,Jon,,FIFTEENTH WARD,42.67519,-73.82281,Private room,39,2,27,5/14/2023,0.43,1,365,1,
32279028,"Cosy, comfy and quiet for one",172223381,Diana,,EIGHTH WARD,42.64936,-73.80278,Private room,,1,196,2/29/2024,3.19,2,0,41,
32450400,Moroccan Sands,97330032,Sherrell,,FOURTH WARD,42.6761,-73.73825,Private room,122,3,0,,,1,179,0,
32993402,‚ú®Historic Full Amenities 2BR Apt @Downtown Albany,44434571,Earl,,SECOND WARD,42.64563,-73.75311,Entire home/apt,103,1,404,12/26/2023,6.67,6,189,34,
33558235,"‚ù£Ô∏èHistoric, Spacious & Fun 2BR Apt @Dwtown Albany",44434571,Earl,,SECOND WARD,42.64585,-73.75297,Entire home/apt,100,1,395,12/1/2023,6.63,6,334,40,
34330970,Muhammed Ali Lounge & Pool Hall ‚¨¢‚¨°,232967878,Diana,,SECOND WARD,42.64335,-73.7579,Entire home/apt,141,1,249,2/25/2024,4.3,22,0,55,
35793179,Cozy Bedroom in Historic Residential Home,15223767,Ed,,SEVENTH WARD,42.65259,-73.78223,Private room,50,1,151,2/18/2024,2.66,3,226,46,
35914565,The Poker Room ‚ô§ Downtown Albany,232967878,Diana,,SECOND WARD,42.64506,-73.75727,Entire home/apt,100,1,260,2/18/2024,4.56,22,73,53,
36443605,"Sophisticated, Chic 2BR in the heart of Albany",188679144,Elizabeth,,THIRTEENTH WARD,42.66619,-73.79031,Entire home/apt,110,2,51,2/18/2024,0.9,8,365,4,
38321579,Comfy and quiet,172223381,Diana,,EIGHTH WARD,42.65085,-73.80239,Private room,55,1,294,3/2/2024,5.36,2,144,98,
39093517,Secure 5-Star Oasis with Purified Air & Parking,299638115,Dominick And Flerida,,SIXTH WARD,42.65507,-73.76138,Entire home/apt,151,4,37,2/18/2024,0.71,3,361,2,
39698576,Huge Designer 1 bed close to Albany Med,188679144,Elizabeth,,NINTH WARD,42.65483,-73.78033,Entire home/apt,85,5,23,9/22/2023,0.43,8,350,1,
39836487,Completely Renovated Center Square Top FL Studio,306508346,Adem,,SIXTH WARD,42.65547,-73.7651,Entire home/apt,78,1,247,2/29/2024,4.67,2,69,68,
39864828,Stunning Bungalo-style Loft in downtown Albany,10313615,Matthew,,FOURTH WARD,42.66091,-73.74285,Entire home/apt,217,1,225,3/10/2024,4.44,1,254,29,
39873571,Lovely 2 bedroom apartment in downtown Albany.,306508346,Adem,,THIRD WARD,42.65682,-73.76298,Entire home/apt,78,1,139,8/30/2023,6.6,2,172,53,
40491172,"Renovated, private parking,location, washer dryer!",152762198,Allen,,THIRTEENTH WARD,42.66827,-73.79231,Entire home/apt,95,2,101,2/17/2024,1.95,9,0,18,
40828178,Comfortable! One Bedroom A/C Apartment Queen Bed,47491906,Lloyd,,FOURTH WARD,42.67773,-73.73899,Entire home/apt,109,1,166,8/7/2023,3.28,1,229,4,
40897436,Historic Home Away from Home,50283047,Ellen,,SIXTH WARD,42.65592,-73.76259,Entire home/apt,115,7,26,11/27/2023,0.51,1,170,4,
41319631,Modern Carriage in the Heart of Albany,59864591,Daniel,,SIXTH WARD,42.65115,-73.7668,Entire home/apt,92,30,4,1/6/2023,0.11,1,37,0,
42009788,Chic & Stylish 2BR with separate entrance downtown,188679144,Elizabeth,,SIXTH WARD,42.65315,-73.76202,Entire home/apt,110,7,22,12/30/2023,0.44,8,365,6,
42092736,Private Bedroom in Cozy Ranch Home,41400541,John,,FOURTEENTH WARD,42.66403,-73.81446,Private room,45,1,141,3/6/2024,2.86,1,159,51,
42391372,Central Albany Apartment: Walk to State Capitol!,121680792,Evolve,,SECOND WARD,42.6469,-73.75761,Entire home/apt,,3,27,10/27/2022,0.6,5,355,0,
42567833,Homey,339085327,Arkady,,NINTH WARD,42.65567,-73.7854,Entire home/apt,,70,0,,,1,365,0,
42763847,Charming dog friendly home with private yard!,649068,Anthony,,FIRST WARD,42.63876,-73.78535,Entire home/apt,,1,92,12/31/2023,1.95,1,145,21,
43208391,Historic Downtown Albany Apartment,272907816,Angela,,SECOND WARD,42.64453,-73.75426,Entire home/apt,117,2,80,2/28/2024,1.9,4,75,14,
43459803,Luxury & Safety in Center Square + Parking,299638115,Dominick And Flerida,,SIXTH WARD,42.65556,-73.76205,Entire home/apt,175,4,15,3/1/2024,0.4,3,365,4,
43736299,*The Blue House* Incredible 3 Bedroom Apartment,349460842,Scott,,TENTH WARD,42.66257,-73.78281,Entire home/apt,145,1,110,2/21/2024,2.45,5,356,26,
43955950,* Quaint home located in residential neighborhood*,232967878,Diana,,EIGHTH WARD,42.64383,-73.78926,Entire home/apt,245,2,68,2/24/2024,1.52,22,0,21,
44180048,Historic Queen Studio Across from Washington Park!,355777684,Lloyd,,SIXTH WARD,42.65935,-73.76805,Entire home/apt,109,1,326,3/2/2024,7.33,3,349,70,
44265426,Parkside Queen 1 Bedroom (1800's) Brownstone!,355777684,Lloyd,,SIXTH WARD,42.66006,-73.76966,Entire home/apt,119,1,282,2/28/2024,6.41,3,262,55,
44450012,Spacious upscale luxury apartment with huge yard,353498132,Michael,,EIGHTH WARD,42.64808,-73.7996,Entire home/apt,,13,22,12/21/2023,0.51,5,251,2,
45024912,Private Apt Queen 1 Bed Sanctuary with many Extras,362851072,Elsa,,FOURTEENTH WARD,42.66132,-73.7956,Entire home/apt,119,1,119,3/3/2024,2.76,1,0,19,
45074220,"Historic Albany, Loft Apartment",272907816,Angela,,SECOND WARD,42.64454,-73.75369,Entire home/apt,97,2,30,2/28/2024,0.99,4,10,6,
45313545,Adorable & Trendy 1 Bd Apt Minutes to Albany Med!,165293595,Kori,,NINTH WARD,42.6545,-73.78223,Entire home/apt,79,2,108,2/24/2024,2.61,1,143,41,
45334218,"3 bedrooms. Alb/Med, colleges, Dtwn Alb. Share",89705052,Share,,TENTH WARD,42.65842,-73.77869,Private room,175,2,0,,,4,6,0,
45528939,UNIQUE Gem in HEART of Albany ‚òÖ Spiral Staircase,47625981,Linda,,SECOND WARD,42.64801,-73.75668,Entire home/apt,120,1,83,11/30/2023,2.18,15,342,22,
45529316,WOW ‚òÖ Bright Apt ‚òÖ PRIME downtown Walk Everywhere,47625981,Linda,,SECOND WARD,42.64821,-73.75793,Entire home/apt,122,1,95,2/18/2024,2.5,15,0,23,
45529447,‚òÖ 2 BEDROOM / 1 BATH TRENDY Apt ‚òÖ Downtown Albany,47625981,Linda,,SECOND WARD,42.64713,-73.75628,Entire home/apt,140,1,118,2/9/2024,3.12,15,0,24,
45804322,Home in Heart of Pine Hills,124848440,Emilie,,TENTH WARD,42.66137,-73.7904,Private room,100,1,140,3/1/2024,3.38,1,72,58,
46894493,Our Antique Bungalow,69789449,Dan,,NINTH WARD,42.65311,-73.78525,Entire home/apt,175,1,203,3/5/2024,5.39,1,244,58,
47334913,"Newly renovated,Amazing Location,private parking",152762198,Allen,,THIRTEENTH WARD,42.66646,-73.79184,Entire home/apt,92,3,61,3/1/2024,1.61,9,163,21,
47345872,Bright large 1 bdr loft in Center Sq -free parking,19648678,Terra,,SIXTH WARD,42.65345,-73.76663,Entire home/apt,125,2,40,9/3/2023,1.06,4,0,12,
47408047,"Quiet cozy apartment, private laundry, great spot!",152762198,Allen,,FOURTEENTH WARD,42.67156,-73.80883,Entire home/apt,79,3,42,3/5/2024,1.13,9,357,13,
47440071,Lux Loft Suite in Historic Jesse Buel House,382970529,Thomas,,THIRTEENTH WARD,42.6692,-73.79849,Private room,95,2,113,12/19/2023,2.95,10,0,34,
47828453,"Secure, Safe & Sanitized 2Bd Work, Relax in Albany",299638115,Dominick And Flerida,,THIRD WARD,42.656,-73.76123,Entire home/apt,166,4,16,2/19/2024,0.43,3,361,1,
47902629,"Renovated 2br/2ba, close to Alb Med & St. Petes.",21886921,David,,THIRTEENTH WARD,42.66744,-73.79216,Entire home/apt,125,14,7,1/1/2024,0.2,2,276,1,
47943571,Downtown Albany 1 Bed + Workstation @ Maiden Lane,385664127,Dillon,,THIRD WARD,42.65118087,-73.75273894,Entire home/apt,109,1,133,3/5/2024,3.56,2,317,44,
48052353,*The Rustic Home* 3 Bedroom Second Floor Apartment,349460842,Scott,,TENTH WARD,42.66261,-73.78332,Entire home/apt,147,1,146,2/25/2024,3.9,5,293,33,
48124042,Downtown Albany 2 Bedroom + Workstation @ The Mark,385664127,Dillon,,THIRD WARD,42.64981845,-73.75090228,Entire home/apt,117,1,174,3/5/2024,5.51,2,214,48,
48172884,The Down Under Suite,98744672,Bela,,NINTH WARD,42.65399,-73.78126,Private room,45,2,51,2/28/2024,1.39,8,0,23,
48470454,"/ New Giant Victorian \ 7beds 6 baths + 2x 85"" TVs",4259750,Peter,,THIRTEENTH WARD,42.66526413,-73.78692627,Entire home/apt,,2,29,12/3/2023,1.45,9,0,22,
48599533,Capital View I,392074908,Jerry,,SIXTH WARD,42.65429,-73.75986,Entire home/apt,88,2,93,2/28/2024,2.95,5,351,21,
49886937,VACATION TIME,219746338,Nicola,,FOURTH WARD,42.65854,-73.74926,Shared room,45,1,0,,,1,359,0,
50171851,Beautiful Center Square Garden-Level Unit,48490017,Todd,,SIXTH WARD,42.65157,-73.76546,Entire home/apt,109,2,144,3/3/2024,4.6,1,190,58,
50207226,‚òÖ RARE 1BR Apt with Character GREAT Location! W/D‚òÖ,47625981,Linda,,FOURTH WARD,42.65888,-73.74673,Entire home/apt,115,1,68,11/1/2023,2.03,15,0,14,
50211226,Quiet Studio By Washington Park | Walkable!,105597161,Jake & Kate,,ELEVENTH WARD,42.66034,-73.77163,Entire home/apt,110,2,149,3/3/2024,5.57,1,255,69,
50354540,Designer 2BED Heart of Center Square,188679144,Elizabeth,,SIXTH WARD,42.65333,-73.76402,Entire home/apt,,3,9,8/13/2023,0.27,8,362,5,
50639032,"Sunny Queen bed, Quiet w/Beautiful Garden",172539578,David Yisrael,,FIFTEENTH WARD,42.67945,-73.81647,Private room,63,3,36,8/28/2023,1.2,3,159,5,
50890336,"‚òÖCHIC, Renovated Brownstone‚òÖ in PRIME DT Albany",47625981,Linda,,FOURTH WARD,42.65901,-73.74748,Entire home/apt,120,1,39,10/8/2023,1.23,15,361,9,
51230498,"Chic-romantic, center-city, hotel-style apartment.",414738935,Sonya,,THIRD WARD,42.66064,-73.76074,Entire home/apt,64,1,211,2/17/2024,6.59,1,0,61,
51461480,üçÉChic & Cozy Near Washington Park Garden Suite,416799784,Rosie,,TENTH WARD,42.65969,-73.77564,Entire home/apt,93,7,21,3/31/2023,0.72,1,128,1,
51503537,Walk to Everything Downtown Albany! Luxury Apt!,394420519,All Seasons,,THIRD WARD,42.65061,-73.75006,Entire home/apt,105,4,7,2/23/2023,0.23,1,175,0,
51560588,Steps 2 Capital,392074908,Jerry,,SIXTH WARD,42.65431,-73.75997,Entire home/apt,,365,42,9/10/2023,1.34,5,364,5,
51579900,‚òÖMODERN 1BR GREAT Location Downtown! W/D Parking!‚òÖ,47625981,Linda,,FOURTH WARD,42.65856,-73.74866,Entire home/apt,115,1,65,2/18/2024,2.07,15,358,23,
51592836,Lovely 1 Bedroom Unit In Historic Brownstone!,60293220,David,,THIRD WARD,42.65812,-73.74941,Entire home/apt,85,3,69,2/19/2024,2.34,3,344,25,
51710034,Empire Plaza View I,392074908,Jerry,,SIXTH WARD,42.65269,-73.76076,Entire home/apt,88,2,32,11/12/2023,1.04,5,221,10,
51960331,"Tuscan Garden Apt at Caf√© Capriccio Albany, NY",418024477,Marlene,,SECOND WARD,42.64684,-73.75614,Entire home/apt,125,1,80,3/10/2024,2.65,1,162,13,
52042995,A-Room for students & professionals close to all.,160832560,Luke,,FIFTEENTH WARD,42.67643,-73.82903,Private room,40,2,21,11/12/2023,0.76,1,329,8,
52152157,"Modern space, everything you could want!",152762198,Allen,,FIRST WARD,42.63066,-73.77357,Entire home/apt,99,3,50,2/26/2024,1.67,9,122,15,
52241973,Garden Apartment in Historic Center Square Home,35465673,Jason,,SIXTH WARD,42.65641,-73.76413,Entire home/apt,87,1,205,2/29/2024,7.01,1,0,78,
52301345,Washington Park Brownstone-Large Luxury Bedroom 1,49100926,Clyde,,SIXTH WARD,42.65934,-73.76966,Private room,100,2,4,8/16/2022,0.16,4,364,0,
52359404,3 bedroom quiet neighborhood w/ off street parking,207800855,Iris,,FIFTEENTH WARD,42.67044,-73.82573,Entire home/apt,120,1,79,3/3/2024,2.68,2,358,38,
52360097,Empire Plaza View II,392074908,Jerry,,SIXTH WARD,42.65386,-73.75958,Entire home/apt,88,2,64,1/12/2024,2.14,5,0,7,
52569714,* Swanky Triplex in Historic building w/parking *,232967878,Diana,,SECOND WARD,42.64186,-73.75868,Entire home/apt,135,1,52,2/19/2024,1.76,22,86,14,
52611613,* Adorable home w/parking near great restaurants *,232967878,Diana,,NINTH WARD,42.65674,-73.79221,Entire home/apt,185,2,101,2/10/2024,3.45,22,79,39,
52615364,Unique one bedroom in the heart of downtown Albany,416465867,Chris,,THIRD WARD,42.65069,-73.75193,Entire home/apt,65,30,20,3/27/2022,0.68,1,121,0,
52619545,* Centrally located Eclectic vibe 2 bed w/parking,232967878,Diana,,THIRTEENTH WARD,42.67181,-73.79543,Entire home/apt,125,2,70,1/1/2024,2.37,22,87,28,
52691284,+ Perfect place to make memories with loved ones +,232967878,Diana,,TENTH WARD,42.66236,-73.79245,Entire home/apt,,2,59,2/25/2024,2.02,22,0,20,
52836323,*Hidden gem w/in walking distance to Madison Ave *,232967878,Diana,,THIRTEENTH WARD,42.67131,-73.7921,Entire home/apt,145,1,57,2/24/2024,2.12,22,0,32,
52837196,‚òÖMODERN 1BR Apt w/ PRIVATE deck! W/D‚òÖ,47625981,Linda,,FOURTH WARD,42.65812,-73.74837,Entire home/apt,115,1,60,2/29/2024,2.07,15,271,20,
52863776,Washington Parkside 1 Bedroom In 1800s Brownstone!,355777684,Lloyd,,SIXTH WARD,42.65826,-73.76944,Entire home/apt,119,1,146,2/28/2024,5.06,3,332,57,
52923647,Cozy 3BR House in Whitehall near DT Albany,428451585,Erwin,,EIGHTH WARD,42.64792,-73.79953,Entire home/apt,,3,0,,,1,364,0,
53115382,Cozy 1-bdrm apt with off street parking,207800855,Iris,,FIFTEENTH WARD,42.67004,-73.82367,Entire home/apt,88,2,27,5/24/2023,0.96,2,33,1,
53312101,* 1 bed near Times Union center & Egg w/parking *,232967878,Diana,,SECOND WARD,42.64369,-73.7581,Entire home/apt,95,1,41,1/14/2024,1.45,22,85,22,
53483727,Spacious Urban APT w/4BR & Office in Albany,433096110,Brian,,FOURTEENTH WARD,42.65824,-73.80114,Entire home/apt,175,1,107,3/8/2024,4.02,3,244,42,
53567589,Private Garden Apt in Downtown Albany|Pets Allowed,433096110,Brian,,SIXTH WARD,42.65204,-73.76655,Entire home/apt,99,1,180,3/8/2024,6.59,3,320,70,
53645427,‚òÖ BEAUTIFUL  2 BED 2 BATH  w/ SOAKER TUB + W/D‚òÖ,47625981,Linda,,FOURTH WARD,42.65913,-73.74722,Entire home/apt,150,1,75,1/1/2024,2.74,15,349,30,
53860077,/ Gorgeous Garden Getaway\ 1943 SUNY Eagle Hill,4259750,Peter,,FIFTEENTH WARD,42.674675,-73.822861,Entire home/apt,160,1,16,11/18/2023,0.66,9,365,5,
53971505,Charming 1 Bdrm Garden Apt in Historic Brownstone,60293220,David,,FOURTH WARD,42.65873,-73.7494,Entire home/apt,,13,3,12/31/2022,0.12,3,364,0,
54097694,B Unieke,438504176,Roland,,SECOND WARD,42.64683,-73.75662,Entire home/apt,,1,0,,,1,364,0,
54126420,Beautiful 1 bedroom in a quiet residential area.,37769478,Erion,,TENTH WARD,42.66261,-73.79026,Entire home/apt,75,1,67,3/1/2024,3.15,8,364,22,
54126421,Beautiful Apartment in the heart of Albany,37769478,Erion,,SIXTH WARD,42.65422,-73.76996,Entire home/apt,100,1,56,2/18/2024,2.35,8,354,24,
54126427,Beautiful 1 bedroom In the heart of Albany,37769478,Erion,,SIXTH WARD,42.65403,-73.77056,Entire home/apt,100,1,101,1/14/2024,3.82,8,250,4,
54150131,Charming 170-Year-Old Home in the Heart of Albany,432936385,Jared,,SIXTH WARD,42.65155,-73.765,Entire home/apt,146,1,121,3/10/2024,5.02,1,267,73,
54232383,Lovely 2 bedroom unit with indoor fireplace.,272907816,Angela,,SECOND WARD,42.64459,-73.75392,Entire home/apt,125,2,5,11/6/2022,0.27,4,38,0,
54369238,"Cozy townhouse, close to hospital, free parking!",152762198,Allen,,NINTH WARD,42.65578,-73.78641,Entire home/apt,99,3,31,12/25/2023,1.74,9,103,23,
54369240,Lovely 1 bedroom rental close to Alb Med!,152762198,Allen,,TENTH WARD,42.65905,-73.77964,Entire home/apt,79,2,39,3/6/2024,1.78,9,277,26,
5.52126E+17,Washington Park Brownstone-Large Luxury Bedroom 2,49100926,Clyde,,SIXTH WARD,42.65902,-73.7701,Private room,110,2,4,1/20/2023,0.16,4,253,0,
5.53841E+17,Washington Park Brownstone-Large Private Lux Rm 3,49100926,Clyde,,SIXTH WARD,42.6595,-73.76938,Private room,100,2,4,7/2/2023,0.16,4,252,2,
5.54082E+17,Washington Park Brownstone- Large Luxury Bedroom 4,49100926,Clyde,,SIXTH WARD,42.6598,-73.76995,Private room,100,2,6,10/2/2022,0.24,4,253,0,
5.5925E+17,Cozy 1 bedroom with office and luxurious King size,433884293,Uniah,,NINTH WARD,42.66062,-73.79112,Entire home/apt,,6,2,6/26/2023,0.12,1,363,1,
5.63712E+17,/Purple Potty Penthouse\ 1928 Pine Hill 4Bed 1Bath,4259750,Peter,,THIRTEENTH WARD,42.66919,-73.78672,Entire home/apt,266,2,6,12/24/2022,0.24,9,364,0,
5.65172E+17,Lovely 1 bed apartment close to MVP Arena,232967878,Diana,,SECOND WARD,42.64342,-73.75742,Entire home/apt,120,1,68,2/23/2024,2.72,22,0,29,
5.81058E+17,‚óÜUNIQUE‚óÜ spacious LOFT with photo studio w/d!,47625981,Linda,,THIRD WARD,42.65848,-73.76359,Entire home/apt,115,1,38,2/18/2024,1.57,15,0,14,
5.88298E+17,Modern one bedroom with free off street parking,353498132,Michael,,SECOND WARD,42.64441,-73.75647,Entire home/apt,110,13,10,1/10/2024,0.48,5,225,5,
5.93272E+17,Lux Suite at the Historic Jesse Buel House.,382970529,Thomas,,THIRTEENTH WARD,42.66911,-73.79869,Private room,89,1,84,3/2/2024,4.09,10,0,55,
5.94827E+17,Oversized studio with free parking & Netflix,232967878,Diana,,SECOND WARD,42.64252,-73.75688,Entire home/apt,119,1,70,2/23/2024,2.96,22,0,36,
6.10091E+17,Cozy rental near hospitals! Off street parking,40548251,Reyana,,NINTH WARD,42.652049,-73.7949665,Entire home/apt,100,2,33,2/24/2024,2.04,1,333,20,
6.17242E+17,Iconic City Center Apt in Downtown | Pets Allowed,433096110,Brian,,SIXTH WARD,42.65353,-73.7679,Entire home/apt,113,1,113,3/3/2024,5.03,3,266,55,
6.18673E+17,Huge apartment with balcony and park views,2554853,Nim,,SIXTH WARD,42.65547943,-73.76625061,Entire home/apt,70,4,6,1/18/2024,0.37,1,223,4,
6.19695E+17,Modern luxury one bedroom with off street parking,353498132,Michael,,SECOND WARD,42.64489,-73.75731,Entire home/apt,120,13,6,1/31/2024,0.3,5,268,3,
6.20481E+17,"Lovely renovated, 2-bedroom home with free parking",457678547,Najeem Adegbemiga,,SEVENTH WARD,42.640217,-73.780815,Entire home/apt,120,2,13,3/3/2024,0.69,1,362,7,
6.2196E+17,One-of-a-Kind Luxe Urban Farmhouse w/ Heated Pool,382970529,Thomas,,FOURTEENTH WARD,42.66762,-73.79919,Entire home/apt,,1,7,12/28/2023,0.35,10,163,2,
6.23102E+17,Walk everywhere! Stylish apartment for up to 5,1176120,Julia,,THIRD WARD,42.65723,-73.75684,Entire home/apt,129,1,127,2/25/2024,5.7,3,85,58,
6.23454E+17,Lovely 3 bedroom unit in Albany,249258548,Umer,,SEVENTH WARD,42.64372,-73.78426,Entire home/apt,130,2,26,2/18/2024,1.17,4,0,8,
6.25347E+17,Charming Garden Apartment in Center Square,12742779,Kathryn,,SIXTH WARD,42.65347,-73.7662,Entire home/apt,108,1,184,3/6/2024,8.58,1,302,113,
6.25351E+17,Lovely private room in Albany,249258548,Umer,,SEVENTH WARD,42.64318,-73.78386,Private room,53,4,10,7/14/2023,0.45,4,173,3,
6.25362E+17,Lovely private room in Albany,249258548,Umer,,SEVENTH WARD,42.64242,-73.78536,Private room,53,4,13,2/15/2024,0.6,4,173,7,
6.27627E+17,Lovely private bedroom in Albany,249258548,Umer,,SEVENTH WARD,42.64198,-73.78413,Private room,53,4,6,7/26/2023,0.28,4,173,2,
6.28163E+17,‚òÖSPACIOUS 1BR Apt w/ Character 10ft Ceilings W/D!‚òÖ,47625981,Linda,,SECOND WARD,42.64528,-73.75861,Entire home/apt,120,1,36,10/29/2023,1.68,15,355,20,
6.28824E+17,Clean lines and accessible Convenient Location!,7164949,Jordan,,THIRD WARD,42.66169975,-73.76466828,Private room,68,2,0,,,1,88,0,
6.31035E+17,‚òÖPRIVATE 1 BDRM Newly Renovated Apt W/D Patio‚òÖ,47625981,Linda,,SECOND WARD,42.64558,-73.75928,Entire home/apt,115,1,40,10/30/2023,1.84,15,214,18,
6.31779E+17,Lovely 3-bedroom apartment with indoor fireplace.,272907816,Angela,,SECOND WARD,42.645252,-73.753433,Entire home/apt,,2,11,1/15/2024,0.85,4,0,8,
6.34108E+17,Perfect for Families  and Traveling Professionals,119340359,Lori,,SIXTH WARD,42.65323,-73.76797,Entire home/apt,149,1,85,3/6/2024,3.95,2,148,46,
6.36902E+17,Cozy Private Room in a Residential House in Albany,376794541,Neha,,ELEVENTH WARD,42.6635364,-73.7778236,Private room,44,10,21,8/16/2023,1.05,3,176,8,
6.37104E+17,Walk everywhere! Stylish downtown Albany 2BR,1176120,Julia,,THIRD WARD,42.65802,-73.756165,Entire home/apt,129,1,123,2/11/2024,5.7,3,0,62,
6.42909E+17,Charming City Retreat | Walk to Dining + Park,462767507,Joshua,,SIXTH WARD,42.65427,-73.76455,Entire home/apt,97,3,26,2/24/2024,1.32,4,328,20,
6.4657E+17,Peaceful 2 bedroom condo in the heart of Albany,172658781,Jessica,,THIRTEENTH WARD,42.66897,-73.79653,Entire home/apt,100,30,0,,,1,121,0,
6.49974E+17,Modern luxury studio with free off street parking,353498132,Michael,,SECOND WARD,42.64625,-73.75663,Entire home/apt,90,14,5,8/5/2023,0.26,5,251,2,
6.52889E+17,Hali Haven Downtown Albany MVP Arena,426253886,Aggie,,SECOND WARD,42.64595,-73.76196,Entire home/apt,99,1,48,2/11/2024,2.48,3,327,30,
6.53434E+17,Lovely apartment in heart of Albany,1761578,Grant,,SIXTH WARD,42.65389,-73.76538,Entire home/apt,130,2,2,2/28/2024,0.17,2,89,2,
6.54303E+17,‚òÖ Private 1 bdrm w/ backyard access ‚òÖ In-unit W/D,47625981,Linda,,FOURTH WARD,42.65752,-73.74743,Entire home/apt,115,1,37,2/25/2024,1.84,15,247,19,
6.5676E+17,Cabana Fairytale apartment inclusive washer dryer,39656001,Urbangem,,SECOND WARD,42.64493,-73.75725,Entire home/apt,,5,0,,,6,364,0,
6.57131E+17,Lovely Garden Apt. in Historic Brownstone,166246610,Shawn,,THIRD WARD,42.65795,-73.75092,Entire home/apt,101,4,16,2/29/2024,0.81,1,268,11,
6.58161E+17,Lovely artist 1 bedroom apartment close to LARK,30920241,Miri,,SIXTH WARD,42.65128,-73.7686,Entire home/apt,129,30,0,,,1,85,0,
6.58638E+17,CHEERFULL 3 BEDROOM HOME WITH FREE PARKING.,466389096,Patrice,,FIRST WARD,42.6374547,-73.7716647,Entire home/apt,159,5,5,9/22/2023,0.25,3,316,2,
6.59272E+17,"Downtown 1 bedroom 
on the park.",188046954,Jonathan,,SIXTH WARD,42.65808213,-73.77000952,Entire home/apt,,3,0,,,1,269,0,
6.62133E+17,Beautiful 4 bedroom house Large eat in kitchen,466389096,Patrice,,FIRST WARD,42.6382401,-73.7719405,Entire home/apt,,5,1,7/15/2022,0.05,3,364,0,
6.67645E+17,Pied-a-terre albany,439560254,Sean,,SIXTH WARD,42.65541381,-73.76367521,Entire home/apt,118,2,64,2/28/2024,3.25,1,0,37,
6.68608E+17,The Rose Room at Historic Buel House,382970529,Thomas,,FOURTEENTH WARD,42.66758,-73.7992,Private room,75,1,96,3/3/2024,4.75,10,0,55,
6.68608E+17,The Silk and Sun Room at Historic Jesse Buel House,382970529,Thomas,,FOURTEENTH WARD,42.66764,-73.79908,Private room,75,1,83,2/25/2024,4.11,10,0,50,
6.69022E+17,Beautiful home in the upstate ny,468871633,Wayne,,FIFTH WARD,42.66381,-73.75919,Entire home/apt,,7,2,12/22/2022,0.11,1,191,0,
6.77623E+17,**New Listing! Modern 2 bdrm Apt in Mansion Area!,203631769,Johnny,,SECOND WARD,42.64531,-73.75963,Entire home/apt,,2,28,9/29/2023,1.47,1,0,10,
6.77764E+17,Peaceful 3 Bedroom in the Heart of Central Albany,471187792,Romel,,THIRTEENTH WARD,42.6694413,-73.7974941,Entire home/apt,141,1,56,1/26/2024,2.88,1,25,31,
6.81241E+17,Tranquil Master Bedroom,376794541,Neha,,ELEVENTH WARD,42.66305,-73.77726,Private room,48,10,6,1/5/2024,0.52,3,158,6,
6.81264E+17,"Comfy private room in a Residential House, Albany",376794541,Neha,,ELEVENTH WARD,42.66286,-73.77817,Private room,45,10,11,2/1/2024,0.56,3,162,5,
6.81938E+17,Lovely studio apartment with 1 bedroom.,466389096,Patrice,,FIRST WARD,42.63716,-73.77227,Entire home/apt,60,7,0,,,3,298,0,
6.81952E+17,Albany-2 bedrooms apt (1st fl) A&A-Sisters Rental,461579260,Md,,SECOND WARD,42.646896,-73.757612,Entire home/apt,,1,2,8/20/2023,0.16,2,191,1,
6.82688E+17,Lovely 4 bed 2 bath located near St Rose,232967878,Diana,,TENTH WARD,42.66172,-73.78497,Entire home/apt,179,1,84,2/23/2024,4.31,22,0,54,
6.841E+17,Cozy 1BR with Patio in the Heart of Albany,1176120,Julia,,THIRD WARD,42.65732,-73.75676,Entire home/apt,99,1,80,2/6/2024,4.1,3,59,48,
6.85516E+17,Lovely Unit with Free Parking on Premises,392074908,Jerry,,SEVENTH WARD,42.64759,-73.77049,Entire home/apt,,2,5,8/27/2023,0.26,5,364,2,
6.87497E+17,Albany-3 bedrooms apt (2nd fl) A&A-Sisters Rental,461579260,Md,,SECOND WARD,42.64621,-73.75723,Entire home/apt,,1,4,5/28/2023,0.23,2,191,2,
6.88355E+17,Albany-3 bedrooms apt (3rd fl) A&A-Sisters Rental,474123093,Lipa,,SECOND WARD,42.646896,-73.757612,Entire home/apt,,1,12,7/26/2023,0.62,1,0,4,
6.89719E+17,"Elegant, spacious studio apt in historic mansion",1717342,David,,SIXTH WARD,42.65405765,-73.760713,Entire home/apt,102,1,151,3/8/2024,7.93,2,219,113,
6.91213E+17,Lovely 2 bedroom in beautiful private residence,474507921,Hyacinth,,TENTH WARD,42.66344638,-73.78874122,Private room,,1,21,4/9/2023,1.15,1,0,1,
6.92808E+17,Relax in Style by Washington Park - Free Parking,67337944,Rabia,,ELEVENTH WARD,42.6623,-73.777,Entire home/apt,115,1,68,2/21/2024,4.65,1,0,58,
6.95129E+17,Cozy 1-bedroom bungalow with office,130759460,Kelsey,,EIGHTH WARD,42.64971,-73.80079,Entire home/apt,,4,7,8/26/2023,0.43,1,0,3,
6.99074E+17,Luxurious 2 bedroom 2 bathroom Historical Mansion,476189412,Timothy,,SECOND WARD,42.6468502,-73.7587258,Entire home/apt,,28,5,5/14/2023,0.29,2,151,2,
7.0566E+17,Luxurious one bedroom with off-street parking,353498132,Michael,,SECOND WARD,42.64577,-73.7583,Entire home/apt,110,13,3,8/13/2023,0.2,5,257,2,
7.08041E+17,"Hilts & Kinfolks, LLC - Albany Private Room 2",478008190,Edward,,FOURTEENTH WARD,42.66008,-73.79816,Private room,27,30,4,8/16/2023,0.27,3,341,3,
7.0806E+17,"Hilts & Kinfolks, LLC - Albany, Private Room 3",478008190,Edward,,FOURTEENTH WARD,42.65929701,-73.79720148,Private room,27,30,2,5/23/2023,0.12,3,336,1,
7.08068E+17,"Hilts & Kinfolks, LLC - Albany Private Room 1",478008190,Edward,,FOURTEENTH WARD,42.65935889,-73.7972692,Private room,26,30,4,8/5/2023,0.25,3,332,2,
7.08148E+17,Mambo House Downtown Albany Governor's Mansion,426253886,Aggie,,SECOND WARD,42.64638,-73.76146,Entire home/apt,90,1,39,2/23/2024,2.22,3,346,28,
7.17373E+17,Centrally located 2 bed w/ off street parking,232967878,Diana,,THIRTEENTH WARD,42.6732,-73.79199,Entire home/apt,135,2,30,1/8/2024,1.8,22,79,20,
7.23957E+17,"Modern home, King Bed 4 bed 2bath, Crib,parking",10279606,Nori,,NINTH WARD,42.65691,-73.78389,Entire home/apt,187,1,121,2/25/2024,7.55,1,0,94,
7.24567E+17,Cozy Greenwood Flat (1 BDR Apartment in Albany),360287870,Mela,,SIXTH WARD,42.6513719,-73.7673156,Entire home/apt,113,2,22,3/4/2024,3.46,1,269,22,
7.29132E+17,Bright + Modern 1BR APT w Empire Plaza/Egg View,481974689,Lucy,,THIRD WARD,42.65103,-73.7574,Entire home/apt,,3,23,4/29/2023,1.33,1,0,4,
7.33965E+17,Historic 1 bed/ 1 bath,502037254,Andrew,,SIXTH WARD,42.65035,-73.76549,Entire home/apt,68,14,1,3/26/2023,0.09,1,216,1,
7.3588E+17,Historic & Homey 1 Bedroom Apt @ Downtown Albany,44434571,Earl,,THIRD WARD,42.64564,-73.75261,Entire home/apt,91,1,34,2/29/2024,2.05,6,331,25,
7.36123E+17,Albany Apartment w/ Deck - Walk to Capitol!,121680792,Evolve,,SIXTH WARD,42.65245,-73.76294,Entire home/apt,,2,8,7/9/2023,0.48,5,209,3,
7.36894E+17,Lovely private room in center square or $700/mo,77367219,Elizabeth,,SIXTH WARD,42.65643,-73.76402,Private room,60,30,2,11/28/2022,0.12,1,303,0,
7.37574E+17,4 bed all on one floor,232967878,Diana,,TENTH WARD,42.66069,-73.78555,Entire home/apt,185,1,31,10/23/2023,1.92,22,0,25,
7.39723E+17,Adirondack Suite #1,98744672,Bela,,NINTH WARD,42.6543178,-73.7818222,Private room,45,2,21,2/16/2024,1.26,8,344,17,
7.42947E+17,"Cozy ground floor near governor‚Äôs mansion, L Park",479114612,Anilexa,,SECOND WARD,42.64469,-73.761,Entire home/apt,80,3,3,9/4/2023,0.19,1,339,2,
7.436E+17,Cozy apartment 2min walk to Albanymed office space,484673863,Blossom Estates,,NINTH WARD,42.65569,-73.77685,Entire home/apt,130,1,5,2/27/2024,0.34,2,365,1,
7.44431E+17,"1 Bedroom on Lincoln Park, near Lark and Downtown",65414985,James,,SEVENTH WARD,42.6496,-73.76792,Entire home/apt,82,2,9,12/30/2023,0.81,2,289,9,
7.50749E+17,Clean Escape- Centrally located- Self Check-In,255839958,Kira,,SEVENTH WARD,42.64284,-73.77997,Entire home/apt,131,1,12,2/19/2024,0.76,1,361,7,
7.51421E+17,Modern- Cozy Center City 2 Bedroom Apartment Style,486073806,Keneisha,,FIFTH WARD,42.66648,-73.76831,Entire home/apt,101,2,13,2/28/2024,1.01,1,0,11,
7.52119E+17,Cozy luxury brownstone w/ parking & yard,258664571,Vorakij,,SECOND WARD,42.64439385,-73.75975702,Entire home/apt,145,2,35,2/19/2024,2.76,2,0,34,
7.52337E+17,Penthouse Brownstone w/ luxury amenities,258664571,Vorakij,,SECOND WARD,42.6444412,-73.7597141,Entire home/apt,145,2,28,2/25/2024,2.54,2,349,28,
7.56753E+17,Private Room in the Center of the Albany,69729286,Musab,,SIXTH WARD,42.65259,-73.76732,Private room,50,3,14,2/29/2024,0.97,2,171,11,
7.57342E+17,Grand Center Square Studio,188679144,Elizabeth,,SIXTH WARD,42.65534,-73.76461,Entire home/apt,70,7,10,1/21/2024,0.63,8,342,6,
7.57978E+17,Charming location near universities & hospital,232967878,Diana,,THIRTEENTH WARD,42.67348,-73.7934,Entire home/apt,128,2,24,2/25/2024,1.89,22,0,21,
7.61142E+17,"Great place in the heart of Albany, with Parking",37769478,Erion,,SIXTH WARD,42.65405,-73.76953,Entire home/apt,110,1,25,3/6/2024,1.66,8,361,18,
7.64509E+17,Rest+Restore Room ‚Ä¢ Short & Extended Stay ‚Ä¢,6203319,Melissa,,TENTH WARD,42.66117,-73.79091,Private room,75,1,8,11/5/2023,0.51,3,83,7,
7.74701E+17,Entire cozy unit in Albany,261036923,Hasan,,FOURTEENTH WARD,42.6601,-73.80719,Entire home/apt,65,1,38,3/2/2024,2.61,1,252,29,
7.75646E+17,Casa Coquette home away from home 2BDRM w/ office,115597810,Massi,,SIXTH WARD,42.6518469,-73.7642072,Entire home/apt,107,2,23,2/19/2024,1.57,1,44,17,
7.77069E+17,Cozy Private Hideaway,442094566,Queen,,THIRD WARD,42.65725,-73.75065,Entire home/apt,100,1,46,3/3/2024,3.17,1,0,39,
7.82849E+17,Quiet Apt near the Empire State Plaza,491607190,Abba,,SIXTH WARD,42.65183,-73.76594,Entire home/apt,110,1,10,2/18/2024,0.69,6,19,7,
7.84781E+17,Private bedroom and private bath,491907850,Donna,,FOURTEENTH WARD,42.66298,-73.81361,Private room,60,1,11,10/20/2023,0.84,1,83,8,
7.86181E+17,Lovely Junior 1BED,188679144,Elizabeth,,THIRD WARD,42.65653,-73.76223,Entire home/apt,,1,3,1/27/2024,0.42,8,364,3,
7.86228E+17,Glam 1BR center square,188679144,Elizabeth,,SIXTH WARD,42.65322,-73.76249,Entire home/apt,,2,3,2/18/2024,0.56,8,364,3,
7.86316E+17,Elegant newly renovated cozy smart apartment,253824490,Tomar & Kash,,FIFTH WARD,42.65915031,-73.75431933,Entire home/apt,105,2,31,12/13/2023,2.31,1,250,27,
7.87024E+17,*The Allen House* NEW! Gorgeous Apt - Sleeps 8,349460842,Scott,,FOURTEENTH WARD,42.6653,-73.7943,Entire home/apt,185,1,50,2/25/2024,3.96,5,0,49,
7.88301E+17,Spacious 2 bed w/parking,232967878,Diana,,SECOND WARD,42.64324,-73.75732,Entire home/apt,150,1,39,2/25/2024,2.68,22,0,34,
7.93223E+17,Cozy & Boho One Bed Apartment,462767507,Joshua,,SIXTH WARD,42.65489,-73.77061,Entire home/apt,102,3,11,12/2/2023,0.84,4,345,10,
7.94723E+17,Updated 3/1 unit for Professionals and Families,20144241,Carla,,FIFTH WARD,42.67283,-73.77367,Entire home/apt,104,3,6,11/21/2023,0.62,1,280,6,
7.95542E+17,Victorian Mansion on Washington Park,493882819,Terra,,NINTH WARD,42.656329,-73.7752048,Private room,628,1,1,8/13/2023,0.14,6,300,1,
7.96231E+17,Washington Park Inn - Room 4,493882819,Terra,,NINTH WARD,42.65582,-73.77541,Private room,122,1,7,1/19/2024,0.9,6,273,7,
7.96983E+17,Bright and Sunny Private Apartment in Albany,18760261,Shane,,NINTH WARD,42.6538578,-73.7855281,Entire home/apt,87,3,13,11/23/2023,1.1,1,231,13,
7.97455E+17,Alb Medical/colleges/Dtw Alb/Green Rm. Share,89705052,Share,,TENTH WARD,42.65741,-73.78034,Private room,55,2,10,11/17/2023,0.74,4,105,9,
7.98449E+17,1 Bedroom Garden Level Suite,222612368,Patrick,,SIXTH WARD,42.65315,-73.77012,Entire home/apt,80,30,2,5/18/2023,0.17,1,225,2,
7.98715E+17,Cozy 1st Floor Apartment near the NYS Museum,491607190,Abba,,SIXTH WARD,42.65038,-73.76664,Entire home/apt,,1,6,12/23/2023,0.45,6,0,4,
8.01366E+17,Charming Albany Retreat ~ 3 Mi to Downtown!,121680792,Evolve,,THIRTEENTH WARD,42.66958,-73.79722,Entire home/apt,126,2,9,8/27/2023,0.71,5,350,8,
8.02217E+17,Washington Park Inn - Room 6,493882819,Terra,,SIXTH WARD,42.65751,-73.77409,Private room,127,1,5,2/10/2024,0.68,6,271,5,
8.03581E+17,Sophisticated Lux apartment,23490148,Fran,,TENTH WARD,42.6601122,-73.7754681,Entire home/apt,,1,5,10/22/2023,0.36,1,343,2,
8.03605E+17,3br/2ba Near Alb Med & St.Petes.,21886921,David,,FOURTEENTH WARD,42.66691,-73.79338,Entire home/apt,,14,1,6/20/2023,0.11,2,228,1,
8.03814E+17,Washington Park Inn - Room 5,493882819,Terra,,NINTH WARD,42.656329,-73.775205,Private room,122,1,3,8/27/2023,0.38,6,266,3,
8.03868E+17,Washington Park Inn - Room 1,493882819,Terra,,NINTH WARD,42.656329,-73.775205,Private room,127,1,4,7/28/2023,0.5,6,267,4,
8.05897E+17,Chadell's Chateau,496444061,Diana,,THIRD WARD,42.65588,-73.75332,Entire home/apt,89,1,61,2/16/2024,4.72,1,159,56,
8.06768E+17,& Modern Luxury Cottage in Central ALB,110453341,Alexis,,FIFTH WARD,42.6684126,-73.7684199,Entire home/apt,103,1,19,2/4/2024,1.4,1,257,15,
8.12481E+17,Adorable Albany Apartment!,266096073,Caroline,,THIRTEENTH WARD,42.67239,-73.79418,Entire home/apt,99,3,31,12/29/2023,2.4,1,38,24,
8.1364E+17,The front room w/ TV and king size bed,116935236,Fs,,THIRTEENTH WARD,42.67143615,-73.7903255,Private room,50,2,10,12/31/2023,1.36,4,206,10,
8.16085E+17,Cozy Apartment across the Park,37769478,Erion,,SIXTH WARD,42.65258,-73.76917,Entire home/apt,85,1,27,3/5/2024,2.04,8,360,22,
8.17161E+17,Sophisticated Albany Vacation Rental,121680792,Evolve,,TENTH WARD,42.66011,-73.77547,Entire home/apt,101,2,0,,,5,337,0,
8.21566E+17,COMFY Room/w Private BATH + TV,177073982,Cristian,,FOURTEENTH WARD,42.66109,-73.80479,Private room,55,2,3,11/30/2023,0.24,2,282,1,
8.23276E+17,Cozy Home 5 Minute Drive to Albany Med Hospital,500360485,Manjano,,SIXTH WARD,42.65184046,-73.77073691,Entire home/apt,,2,0,,,1,0,0,
8.26302E+17,2 br apt 2 min walk to albanymed offstreet parking,484673863,Blossom Estates,,NINTH WARD,42.65613,-73.77469,Entire home/apt,157,1,17,1/28/2024,1.32,2,277,13,
8.31123E+17,Boho-Chic Cape  Conveniently Located,210596861,Craig,,FIFTEENTH WARD,42.67076,-73.82612,Entire home/apt,219,2,50,3/3/2024,4.1,1,147,50,
8.41524E+17,Mellow Cove,462042479,Natasha,,SIXTH WARD,42.66007584,-73.76976949,Entire home/apt,120,2,1,9/4/2023,0.16,2,360,1,
8.41524E+17,Cozy Cove Away From Home,462042479,Natasha,,SIXTH WARD,42.65987,-73.77025,Entire home/apt,,2,11,12/3/2023,1.28,2,0,11,
8.43481E+17,Gorgeous center square 2 BR,188679144,Elizabeth,,SIXTH WARD,42.65481,-73.76352,Entire home/apt,,1,2,9/4/2023,0.17,8,344,2,
8.4596E+17,Modern Cottage-Perfect for Groups!,268741708,Nanette,,FIRST WARD,42.63504,-73.79833,Entire home/apt,300,2,52,3/10/2024,4.42,1,79,52,
8.46586E+17,Spacious Home Away from Home!,49372011,Phil,,TWELFTH WARD,42.67336,-73.78619,Entire home/apt,175,3,12,2/2/2024,1.08,2,298,12,
8.4946E+17,Your luxury home away from home,1761578,Grant,,SIXTH WARD,42.65432,-73.76531,Entire home/apt,,2,1,2/18/2024,1,2,267,1,
8.50173E+17,Stunning Guest Suite in Historic 1874 Row House,120815848,Phat,,SECOND WARD,42.6446,-73.75885,Private room,95,1,65,3/6/2024,5.75,1,322,65,
8.50654E+17,"Private queen bedroom near hospitals, schools",20536619,Emily,,THIRTEENTH WARD,42.67177,-73.79464,Private room,66,5,5,11/3/2023,0.67,3,173,5,
8.55337E+17,Eclectic diverse pets fenced yard,186074828,Blake,,SECOND WARD,42.6457663,-73.7586141,Entire home/apt,85,1,29,2/28/2024,2.57,1,80,29,
8.57982E+17,Updated Historic Brownstone Apt.,60293220,David,,THIRD WARD,42.65817,-73.74935,Entire home/apt,78,3,11,12/16/2023,1.13,3,352,11,
8.70293E+17,A Charming  Quiet Unit in a Two-Family House,510191554,He,,FOURTEENTH WARD,42.66947,-73.81607,Entire home/apt,79,1,48,12/17/2023,4.39,1,7,48,
8.70457E+17,Quiet Room Near Everything,177073982,Cristian,,FOURTEENTH WARD,42.66128,-73.80548,Private room,55,3,3,3/2/2024,0.55,2,0,3,
8.79055E+17,Hot tub + close to everything!,24423279,Leslie,,FOURTEENTH WARD,42.66065,-73.80439,Private room,169,7,0,,,1,263,0,
8.80291E+17,Spacious 3BR with 2BA & Laundry,49372011,Phil,,ELEVENTH WARD,42.67355,-73.78496,Entire home/apt,175,2,19,1/26/2024,1.88,2,133,19,
8.81232E+17,Exposed Brick with Park Views,37769478,Erion,,SIXTH WARD,42.65379,-73.76901,Entire home/apt,89,1,8,6/13/2023,0.76,8,311,8,
8.8223E+17,Modern / Downtown Albany 1 BR APT,512736975,Miguelino,,TENTH WARD,42.6599733,-73.7747433,Entire home/apt,67,2,35,3/2/2024,3.51,1,170,35,
8.87168E+17,The Comfort II,459472925,Gabriel,,THIRD WARD,42.66246,-73.76576,Private room,45,1,16,2/18/2024,1.71,2,359,16,
8.87179E+17,The Comfort,459472925,Gabriel,,THIRD WARD,42.6628771,-73.7653403,Private room,45,1,13,3/7/2024,1.31,2,363,13,
8.88859E+17,Downtown Albany Apartment: Walkable Location!,121680792,Evolve,,THIRD WARD,42.6573,-73.7521,Entire home/apt,104,2,5,2/25/2024,0.51,5,349,5,
8.97798E+17,2 Bedroom in quiet neighborhood,37769478,Erion,,TENTH WARD,42.66215778,-73.79234534,Entire home/apt,100,1,11,2/18/2024,1.23,8,358,11,
8.98744E+17,"Airy Colonial Style 5 Br, 2 Ba, Kids Rm & Parking!",516414095,Rashawn,,TENTH WARD,42.66087,-73.78655,Entire home/apt,189,2,29,2/11/2024,3.26,1,0,29,
9.02166E+17,2 bdrm Modern & Hip Apt w/ Patio,47625981,Linda,,SEVENTH WARD,42.64787,-73.76707,Entire home/apt,155,1,24,2/21/2024,2.7,15,281,24,
9.02327E+17,*The LEO Home* Private Bedrooms,349460842,Scott,,TENTH WARD,42.66174,-73.78325,Private room,63,90,0,,,5,296,0,
9.04393E+17,/Luxury Modern Western Hideout\,4259750,Peter,,THIRTEENTH WARD,42.6652959,-73.7868778,Entire home/apt,110,2,7,10/9/2023,0.76,9,179,7,
9.05007E+17,*The Red House* 4 Bedrooms‚Ä¢Just Renovated/Listed,349460842,Scott,,TENTH WARD,42.66217,-73.78299,Entire home/apt,197,1,20,1/20/2024,2.48,5,339,20,
9.10156E+17,Exclusive | Suite ~ Extended Stay,6203319,Melissa,,TENTH WARD,42.66292,-73.7909,Private room,,1,1,7/26/2023,0.13,3,0,1,
9.17511E+17,"R&R | Hospitals, Colleges + Politics",6203319,Melissa,,TENTH WARD,42.66261,-73.79158,Private room,72,1,7,12/3/2023,0.85,3,89,7,
9.1764E+17,Everything you need! Modern Gem on New Scotland,471810429,Maria,,SEVENTH WARD,42.6519373,-73.78593012,Entire home/apt,156,3,74,3/1/2024,8.44,1,0,74,
9.19056E+17,Room for rent,502751555,Grace,,FIFTH WARD,42.67292,-73.7776,Private room,93,1,0,,,1,364,0,
9.19729E+17,1Private room1B nearly AlbMed& St.Peter's Hospital,382446799,Elizabeth,,NINTH WARD,42.6559529,-73.7807478,Private room,33,1,5,12/28/2023,0.71,2,354,5,
9.21076E+17,Work hard! Play hard!,521669673,Kody,,THIRD WARD,42.6586,-73.75743,Entire home/apt,80,7,2,9/7/2023,0.28,1,246,2,
9.22634E+17,Charming 2 bdrm Apt- Home Away from Home,260986425,Connie,,NINTH WARD,42.65483723,-73.79149619,Entire home/apt,115,3,1,8/14/2023,0.14,1,20,1,
9.24826E+17,1Private Room2B nearlyAlbMed & St.Peter's Hospital,382446799,Elizabeth,,NINTH WARD,42.65496591,-73.78021705,Private room,44,1,7,2/26/2024,0.86,2,349,7,
9.28949E+17,Newly Renovated Gem in Melrose - Pet Friendly,441054845,Thaddeus,,THIRTEENTH WARD,42.67066076,-73.79571205,Entire home/apt,77,1,17,3/3/2024,2.25,1,216,17,
9.32619E+17,Cozy space all on 1 floor close to U Albany,232967878,Diana,,THIRTEENTH WARD,42.67294335,-73.79225343,Entire home/apt,125,1,7,2/4/2024,0.88,22,358,7,
9.32642E+17,Stylish top floor apt w/parking,232967878,Diana,,THIRTEENTH WARD,42.67132411,-73.79247187,Entire home/apt,150,1,11,2/17/2024,1.42,22,349,11,
9.34035E+17,7,493882819,Terra,,SIXTH WARD,42.65654926,-73.77433674,Private room,122,1,3,9/2/2023,0.39,6,283,3,
9.34745E+17,Downtown Albany Apartment: Walk to Capitol!,456511812,Evolve,,SIXTH WARD,42.65506,-73.76401,Entire home/apt,,2,0,,,1,0,0,
9.37838E+17,Hudson 2 at The Argus Hotel,526358730,Argus,,SIXTH WARD,42.6586722,-73.77478693,Private room,184,1,2,12/31/2023,0.31,12,278,2,
9.37838E+17,Hudson 1 at The Argus Hotel,526358730,Argus,,ELEVENTH WARD,42.6606,-73.77284,Private room,184,1,4,1/4/2024,0.77,12,278,4,
9.37917E+17,Hudson 3 ADA at The Argus Hotel,526358730,Argus,,TENTH WARD,42.65908259,-73.77455698,Private room,184,1,4,10/24/2023,0.57,12,275,4,
9.37928E+17,Hudson 4 at The Argus Hotel,526358730,Argus,,TENTH WARD,42.66043,-73.77432,Private room,184,1,0,,,12,268,0,
9.37935E+17,Hudson 5 at The Argus Hotel,526358730,Argus,,SIXTH WARD,42.65846944,-73.77272373,Private room,184,1,1,10/22/2023,0.21,12,277,1,
9.37944E+17,Whalen Suite at The Argus Hotel,526358730,Argus,,SIXTH WARD,42.6590802,-73.7732586,Private room,207,1,1,12/27/2023,0.39,12,281,1,
9.3796E+17,Whalen Deluxe at The Argus Hotel,526358730,Argus,,TENTH WARD,42.66003432,-73.77320092,Private room,,1,0,,,12,273,0,
9.37967E+17,Whalen 3 at The Argus Hotel,526358730,Argus,,SIXTH WARD,42.65856544,-73.77439829,Private room,201,1,0,,,12,272,0,
9.3826E+17,Whalen 4 at The Argus Hotel,526358730,Argus,,SIXTH WARD,42.65892659,-73.77448007,Private room,,1,0,,,12,266,0,
9.38266E+17,Knickerbocker 1 The Argus Hotel,526358730,Argus,,TENTH WARD,42.6603672,-73.77326956,Private room,,1,0,,,12,284,0,
9.38272E+17,Knickerbocker 3 The Argus Hotel,526358730,Argus,,SIXTH WARD,42.65868262,-73.77332643,Private room,,1,0,,,12,280,0,
9.3828E+17,Carriage House The Argus Hotel,526358730,Argus,,TENTH WARD,42.66036253,-73.77290224,Entire home/apt,364,1,6,2/25/2024,0.83,12,255,6,
9.38421E+17,"The backroom with TV, Queen bed and extra futon",116935236,Fs,,ELEVENTH WARD,42.6708367,-73.7853116,Private room,45,2,13,2/27/2024,1.7,4,345,13,
9.38432E+17,The little room with TV and twin bed,116935236,Fs,,THIRTEENTH WARD,42.66973566,-73.78610658,Private room,35,2,12,3/8/2024,1.55,4,360,12,
9.38476E+17,Colorful and eclectic apartment,132766782,Kelly,,TWELFTH WARD,42.67398204,-73.79126384,Entire home/apt,110,3,0,,,1,226,0,
9.40012E+17,"Sunny King bed, private bath, & garden",172539578,David Yisrael,,FIFTEENTH WARD,42.68001107,-73.81705996,Private room,71,2,3,3/2/2024,0.45,3,36,3,
9.42329E+17,2-Br Apt near St. Peter's Hosp.,491607190,Abba,,FOURTEENTH WARD,42.65801,-73.80049,Entire home/apt,135,1,4,2/17/2024,0.63,6,0,4,
9.42355E+17,1-BR w/ Private Balcony near St. Peter's Hospital,491607190,Abba,,FOURTEENTH WARD,42.65798404,-73.80128215,Private room,105,1,1,8/7/2023,0.14,6,1,1,
9.4275E+17,The spacious room w/ dresser/desk,116935236,Fs,,ELEVENTH WARD,42.67033902,-73.78509801,Private room,50,2,3,3/5/2024,1.55,4,267,3,
9.43344E+17,A G3M near Mansion 3Story Brick House Sleeps 20PPL,39656001,Urbangem,,SECOND WARD,42.64297805,-73.75701914,Entire home/apt,,1,0,,,6,364,0,
9.43359E+17,A Luxury Experience Near Gov Mansion Sleeps 18+PPL,39656001,Urbangem,,SECOND WARD,42.64424112,-73.75675302,Entire home/apt,,2,0,,,6,364,0,
9.50211E+17,"Historic, Spacious Mansion Suite",1717342,David,,SIXTH WARD,42.6541815,-73.7608605,Entire home/apt,128,1,54,3/5/2024,7.86,2,0,54,
9.50614E+17,A beautiful cozy home,529844022,Shirin,,FIRST WARD,42.63855426,-73.76927029,Entire home/apt,,1,0,,,1,0,0,
9.56423E+17,Comfy 1-Br Near Washington Park,491607190,Abba,,TENTH WARD,42.66000843,-73.77397296,Entire home/apt,115,1,8,11/1/2023,1.17,6,0,8,
9.57914E+17,"2 bedroom+home office, private parking & backyard",217254883,Ermenita,,NINTH WARD,42.6549886,-73.7939094,Entire home/apt,129,1,38,3/3/2024,5.53,1,297,38,
9.582E+17,Oasis Garden Apt w/Queen Bed,172539578,David Yisrael,,FIFTEENTH WARD,42.6789628,-73.81724462,Entire home/apt,118,3,1,11/24/2023,0.28,3,78,1,
9.61998E+17,1-Br Apt Near NYS Capitol,491607190,Abba,,SIXTH WARD,42.65586286,-73.76206231,Entire home/apt,,1,3,1/1/2024,0.67,6,0,3,
9.63921E+17,Comfy studio in heart of Albany,189586864,Justin,,SIXTH WARD,42.65240863,-73.77002141,Entire home/apt,89,1,17,3/8/2024,2.6,1,358,17,
9.66288E+17,"Modern 2-bed Apt / Hospitals, SUNY, State Office",374765317,Tanjin,,FIFTEENTH WARD,42.67059399,-73.81678288,Entire home/apt,100,3,6,3/7/2024,1.07,1,91,6,
9.71129E+17,Morning Zen,535042691,Chadell,,THIRD WARD,42.65679551,-73.75335662,Entire home/apt,108,1,16,2/18/2024,2.91,1,0,16,
9.77733E+17,Luxury Condo - Balcony - Jacuzzi,440217250,James,,THIRD WARD,42.6539354,-73.7513252,Entire home/apt,,180,0,,,1,293,0,
9.80034E+17,Chic Madison Parkview,241123402,JShing,,SIXTH WARD,42.65312775,-73.76950465,Entire home/apt,125,1,4,2/29/2024,0.79,1,0,4,
9.80414E+17,Intimate and Cozy Family House,536994984,Deanna,,SEVENTH WARD,42.65246332,-73.77498767,Entire home/apt,,1,0,,,1,269,0,
9.83307E+17,The House That Pat Built,114183978,Tyrell,,FIFTH WARD,42.66627901,-73.76511948,Entire home/apt,120,2,2,2/20/2024,0.42,1,172,2,
9.83307E+17,The Rizzy Stay,426223840,Antonio,,ELEVENTH WARD,42.66391566,-73.77786946,Entire home/apt,114,1,16,3/10/2024,2.81,2,242,16,
9.8901E+17,Modern 1BR in a great location,75667477,Ahmad,,SIXTH WARD,42.65411,-73.76129,Entire home/apt,85,30,2,11/7/2023,0.37,1,40,2,
9.89897E+17,Minutes from hospitals and Universities,109133858,Priscilla,,THIRTEENTH WARD,42.67159925,-73.79798657,Entire home/apt,218,1,1,2/18/2024,1,1,245,1,
9.90935E+17,Garden level apartment | Center Sq-great location!,93905065,Grace,,SIXTH WARD,42.65259924,-73.76178014,Entire home/apt,87,1,5,3/9/2024,3.06,1,151,5,
9.9212E+17,Two bedroom close to colleges!,152762198,Allen,,FOURTEENTH WARD,42.67097736,-73.80695226,Entire home/apt,99,3,4,12/3/2023,0.76,9,179,4,
9.92555E+17,"Beautiful large home, private parking",476189412,Timothy,,SEVENTH WARD,42.64485687,-73.77281881,Entire home/apt,279,2,3,2/25/2024,2.81,2,73,3,
9.93431E+17,Albany 3 Bedroom Apt. Sleeps 6,309980121,Ron,,SIXTH WARD,42.65623,-73.7641152,Entire home/apt,110,2,12,2/29/2024,2.4,1,38,12,
9.99162E+17,"Spacious Apartment Downtown Albany, NY",531209536,Amar,,THIRD WARD,42.6576159,-73.75115885,Entire home/apt,154,1,8,2/25/2024,1.66,1,335,8,
1.00498E+18,Elegant Albany Retreat | Mins to Downtwn & St Rose,31318080,Cindy,,EIGHTH WARD,42.65549778,-73.81065666,Entire home/apt,143,2,2,3/9/2024,2,1,150,2,
1.00531E+18,Lil' Studio on Washington Park,462767507,Joshua,,SIXTH WARD,42.65483901,-73.76743339,Entire home/apt,83,1,7,3/8/2024,1.48,4,342,7,
1.00598E+18,4BD/2BA 2-Story Townhouse Apt Downtown Albany,44434571,Earl,,SECOND WARD,42.6453489,-73.7536465,Entire home/apt,191,1,11,2/25/2024,2.44,6,328,11,
1.00735E+18,Top floor w/off street parking,232967878,Diana,,TENTH WARD,42.6613655,-73.7848232,Entire home/apt,189,1,9,2/17/2024,2.11,22,267,9,
1.01076E+18,Cozy room in ideally located manor with hot tub,382970529,Thomas,,THIRTEENTH WARD,42.67002776,-73.79770542,Private room,50,1,15,2/29/2024,3.49,10,259,15,
1.01076E+18,Cozy Room in grand home with hot tub and coffee!,382970529,Thomas,,THIRTEENTH WARD,42.66970961,-73.79754999,Private room,50,1,14,2/29/2024,3.28,10,249,14,
1.01366E+18,Cozy Room centrally located with hot tub,382970529,Thomas,,FOURTEENTH WARD,42.66873117,-73.79930289,Private room,50,1,13,1/15/2024,3.1,10,208,13,
1.01487E+18,Mini Mansion,509662927,Sergio,,EIGHTH WARD,42.64549439,-73.83282736,Entire home/apt,347,1,18,3/6/2024,4.46,1,276,18,
1.01539E+18,Á∫ΩÁ∫¶Â∑ûÈ¶ñÂ∫úÁöÑÊ∏©È¶®Â∞èÂ±ã,182509542,Yan,,NINTH WARD,42.6558992,-73.7965699,Private room,24,1,0,,,1,63,0,
1.01605E+18,Heart of Albany - Downtown Near Everything,42708277,Rodney,,SIXTH WARD,42.6553868,-73.76416369,Entire home/apt,95,1,6,2/25/2024,1.41,2,286,6,
1.0183E+18,Huge house in perfect spot with Hot Tub and Coffee,382970529,Thomas,,THIRTEENTH WARD,42.6699609,-73.79815654,Private room,50,1,14,3/3/2024,3.47,10,262,14,
1.01897E+18,1 Comfy Bedroom Across the Park,37769478,Erion,,SIXTH WARD,42.6535,-73.77046,Entire home/apt,73,1,12,3/8/2024,3.16,8,362,12,
1.02052E+18,Downtown Studio,233515764,Etem,,SECOND WARD,42.6471388,-73.75466082,Entire home/apt,65,1,13,3/10/2024,4.06,1,73,13,
1.02099E+18,*N E W* Spacious Prime DT 1 Bedroom Apt w Office,47625981,Linda,,THIRD WARD,42.65859809,-73.76420636,Entire home/apt,120,1,1,11/26/2023,0.28,15,175,1,
1.02101E+18,*N E W* Modern 1 Bedroom RARE Apt w office space,47625981,Linda,,THIRD WARD,42.659707,-73.76382105,Entire home/apt,119,1,7,2/25/2024,2.1,15,244,7,
1.02156E+18,Angani Place - Your Tranquil Retreat,426253886,Aggie,,SECOND WARD,42.64655139,-73.75972405,Entire home/apt,100,1,6,2/19/2024,2.43,3,252,6,
1.02305E+18,Great home in Albany,496990578,Brian,,ELEVENTH WARD,42.66838,-73.77868,Entire home/apt,102,2,13,2/29/2024,3.9,1,38,13,
1.02853E+18,The Emerald Escape | Two Bed Apartment,462767507,Joshua,,SIXTH WARD,42.65487398,-73.76519869,Entire home/apt,91,3,5,2/24/2024,1.38,4,328,5,
1.03177E+18,Apartment near downtown Albany,542010451,Sophia,,THIRD WARD,42.65863677,-73.75184061,Entire home/apt,76,30,0,,,1,87,0,
1.03472E+18,"*Huge, bright, private 2Bedroom*",130404008,Michael,,THIRD WARD,42.6571053,-73.75132909,Entire home/apt,,14,0,,,1,89,0,
1.03482E+18,"House w/ pond, gardens, sunroom and foosball",392833833,Mary,,TWELFTH WARD,42.67595537,-73.79260844,Entire home/apt,155,2,4,2/29/2024,1.28,1,259,4,
1.04012E+18,Good Vibes Only,519143007,Philip,,ELEVENTH WARD,42.67368029,-73.78413108,Entire home/apt,60,1,11,3/3/2024,3.88,1,164,11,
1.04062E+18,Safe - Sweet -Serene - Long Term,42708277,Rodney,,SIXTH WARD,42.65446888,-73.76077862,Entire home/apt,91,1,10,2/26/2024,4.23,2,215,10,
1.04119E+18,"Great Value!  6 Beds!  W/D, & Parking!",65282034,Archer,,TENTH WARD,42.66106893,-73.7897306,Entire home/apt,114,2,6,2/7/2024,2.05,1,323,6,
1.04357E+18,2 bed room Apartment,212885959,Osas,,SECOND WARD,42.63975708,-73.75705214,Entire home/apt,90,1,4,2/27/2024,4,1,258,4,
1.0437E+18,Charming 1920s house sleeps 6-7,30218591,Rebecca,,FIFTEENTH WARD,42.6743202,-73.81555184,Entire home/apt,1750,2,0,,,1,86,0,
1.05154E+18,Renovated Cozy 1920‚Äôs Apartment,31994990,G.G.,,SEVENTH WARD,42.64478211,-73.77639568,Entire home/apt,53,15,0,,,2,153,0,
1.05238E+18,Charming Bungalow in Albany!,52464523,Dashima,,FIRST WARD,42.64081288,-73.77462753,Entire home/apt,88,28,1,1/2/2024,0.43,1,362,1,
1.05389E+18,Smoking allowed on front porch! Massage recliner!,552465537,Kemba,,NINTH WARD,42.65988605,-73.79205704,Entire home/apt,150,1,1,3/6/2024,1,1,356,1,
1.05548E+18,Garden View Ground Apartment,28987572,Bryce,,SIXTH WARD,42.65098735,-73.76307768,Entire home/apt,125,2,2,2/29/2024,2,1,95,2,
1.05607E+18,two private bedrooms near hospitals & schools,20536619,Emily,,THIRTEENTH WARD,42.67140385,-73.79431184,Private room,85,4,0,,,3,173,0,
1.05647E+18,"Bonjour, Bienvenue A Chez Pierre",553112010,Linda,,TWELFTH WARD,42.71489626,-73.87648859,Private room,103,2,0,,,1,268,0,
1.05793E+18,Apt,217818949,Nickolas,,FOURTH WARD,42.6631159,-73.73810329,Shared room,105,1,1,2/5/2024,0.83,1,269,1,
1.06253E+18,private twin room prime location,20536619,Emily,,THIRTEENTH WARD,42.67096068,-73.79513938,Private room,60,5,2,2/10/2024,1.5,3,179,2,
1.07278E+18,The Bluebird‚Äôs Nest,426223840,Antonio,,ELEVENTH WARD,42.66391566,-73.77786946,Entire home/apt,102,1,7,3/3/2024,5.68,2,256,7,
1.07318E+18,In the heart of Albany,31994990,G.G.,,SEVENTH WARD,42.64472876,-73.77641183,Entire home/apt,53,30,0,,,2,274,0,
1.07544E+18,The Tangerine Door,542733174,Rebecca,,TWELFTH WARD,42.67908162,-73.79504903,Entire home/apt,125,2,3,3/10/2024,2.43,1,238,3,
1.07974E+18,Lark St Oasis: Parking & Laundry,119340359,Lori,,SIXTH WARD,42.65607074,-73.76345323,Entire home/apt,106,28,6,3/10/2024,6,2,20,6,
1.09142E+18,2 bed with parking off Madison,232967878,Diana,,TENTH WARD,42.65988162,-73.78485791,Entire home/apt,105,2,0,,,22,87,0,
1.0915E+18,Triplex oasis w:parking near MVP,232967878,Diana,,SECOND WARD,42.6432406,-73.75805243,Entire home/apt,83,2,0,,,22,79,0,
1.098E+18,New Center square studio,232967878,Diana,,SIXTH WARD,42.65268877,-73.76567402,Entire home/apt,93,2,0,,,22,75,0,
1.10088E+18,"Homey, Quiet 2BR W/ Washer Dryer",152762198,Allen,,FOURTEENTH WARD,42.6700796,-73.80691103,Entire home/apt,100,3,0,,,9,155,0,
1.10498E+18,"Safe, Affordable, Adorable w/ Hot Tub and Coffee",382970529,Thomas,,THIRTEENTH WARD,42.66943099,-73.79881962,Private room,51,1,1,3/7/2024,1,10,0,1,
